CustomerID,Gender,Age,Tenure,ServiceType,MonthlyCharges,Complaints,Churn,TotalCharges
1,Male,71,22,Basic,112.31430733482186,1,1,2470.914761366081
2,Female,34,25,Ultimate,106.69107473185483,8,0,2667.2768682963706
3,Male,26,6,Premium,47.4446212515977,5,0,284.6677275095862
4,Male,50,13,Premium,132.24209969141026,8,0,1719.1472959883333
5,Male,70,6,Ultimate,72.16978314856257,1,0,433.01869889137544
6,Female,37,8,Basic,58.02696183919643,2,0,464.21569471357145
7,Male,30,47,Premium,39.80284663038961,7,0,1870.7337916283116
8,Male,45,71,Basic,54.601841627019866,0,1,3876.7307555184107
9,Male,65,58,Premium,22.86349975909621,9,1,1326.0829860275803
10,Female,46,38,Ultimate,95.82347401929502,6,0,3641.292012733211
11,Male,30,17,Ultimate,129.48999702471323,6,0,2201.329949420125
12,Male,63,58,Ultimate,91.36745842741344,0,0,5299.31258878998
13,Male,52,16,Premium,48.50561505010384,8,0,776.0898408016615
14,Male,78,13,Basic,24.376993167803455,7,0,316.90091118144494
15,Female,23,30,Basic,47.901649523644366,3,0,1437.049485709331
16,Male,35,23,Basic,74.095785649242,9,0,1704.203069932566
17,Female,68,59,Premium,118.74948573097355,4,0,7006.219658127439
18,Female,22,44,Premium,44.41957082991063,1,1,1954.461116516068
19,Female,64,2,Premium,113.5728889361092,8,0,227.1457778722184
20,Male,42,36,Premium,132.7013508857449,5,0,4777.248631886816
21,Female,19,42,Premium,79.01309025408642,2,0,3318.5497906716296
22,Male,27,39,Basic,126.78615891353712,6,0,4944.660197627948
23,Female,73,54,Premium,92.10545524456242,8,0,4973.694583206371
24,Female,47,38,Premium,102.82180882051765,2,0,3907.2287351796704
25,Female,67,14,Basic,88.41619984396635,1,0,1237.826797815529
26,Female,76,3,Premium,80.21245317767443,6,0,240.6373595330233
27,Female,62,24,Basic,50.50494743086041,6,0,1212.11873834065
28,Female,22,12,Basic,59.415227729935985,3,0,712.9827327592318
29,Female,72,32,Ultimate,57.69611546266917,8,0,1846.2756948054134
30,Female,73,15,Ultimate,93.22756102399592,7,1,1398.4134153599389
31,Male,50,41,Ultimate,35.593980093105685,0,0,1459.353183817333
32,Male,71,65,Ultimate,139.18291979130356,0,1,9046.889786434731
33,Female,18,54,Premium,113.68516888680472,4,0,6138.999119887455
34,Female,35,41,Ultimate,72.18793201871517,5,1,2959.7052127673223
35,Female,49,33,Basic,40.621138788429136,2,0,1340.4975800181614
36,Male,64,29,Premium,134.65898206381266,8,0,3905.110479850567
37,Female,66,12,Ultimate,127.09115171315148,9,0,1525.0938205578177
38,Male,28,12,Basic,113.8238018532333,5,0,1365.8856222387997
39,Male,38,17,Premium,55.30111616346151,3,0,940.1189747788457
40,Male,43,31,Premium,72.31806286637696,6,0,2241.859948857686
41,Male,42,38,Ultimate,33.357272818815034,7,0,1267.5763671149712
42,Male,39,45,Premium,44.57513821457913,8,0,2005.8812196560607
43,Female,76,28,Basic,121.79216285117528,5,0,3410.180559832908
44,Female,44,61,Premium,112.9550334505889,5,0,6890.2570404859225
45,Female,66,61,Basic,97.15314918687152,7,0,5926.3421003991625
46,Female,30,56,Premium,136.44447437040247,4,0,7640.890564742538
47,Female,50,15,Ultimate,95.8246473156959,2,0,1437.3697097354384
48,Male,51,55,Basic,80.7058399952694,2,1,4438.821199739817
49,Female,58,9,Premium,64.24819701974914,5,0,578.2337731777423
50,Female,52,29,Premium,142.25830574570244,1,0,4125.4908666253705
51,Male,18,24,Premium,30.753009998165954,5,1,738.0722399559829
52,Female,38,4,Basic,141.0153583679051,5,0,564.0614334716204
53,Male,65,64,Basic,127.47290579103239,7,0,8158.265970626073
54,Female,72,48,Basic,36.89089018964117,6,0,1770.7627291027761
55,Male,23,2,Ultimate,93.44796649778296,7,0,186.89593299556591
56,Female,45,44,Ultimate,132.6512376273813,8,0,5836.6544556047775
57,Female,34,13,Basic,94.33519126892999,5,0,1226.35748649609
58,Male,22,29,Premium,137.9359768028809,2,0,4000.143327283546
59,Male,48,67,Ultimate,142.58789618608552,9,1,9553.389044467729
60,Male,22,17,Basic,74.90998788395976,2,0,1273.4697940273159
61,Male,55,61,Premium,69.05077598282207,0,0,4212.097334952146
62,Male,20,36,Ultimate,141.72175001599038,4,0,5101.983000575654
63,Male,70,24,Premium,107.76820794945685,3,0,2586.4369907869645
64,Male,40,47,Premium,35.08294857526201,8,0,1648.8985830373144
65,Male,54,64,Premium,25.497927398948555,8,0,1631.8673535327075
66,Female,70,52,Premium,93.4017766296442,4,1,4856.892384741499
67,Female,54,14,Ultimate,140.92222550699518,9,1,1972.9111570979326
68,Male,27,48,Ultimate,129.75233131275638,3,0,6228.111903012306
69,Female,27,67,Ultimate,107.86020704036373,6,0,7226.63387170437
70,Female,36,11,Basic,38.08506035584138,5,0,418.93566391425514
71,Female,34,58,Ultimate,53.050079887330426,3,0,3076.904633465165
72,Female,38,36,Premium,133.8164594518401,9,0,4817.3925402662435
73,Male,31,60,Ultimate,43.76494076539706,1,0,2625.896445923823
74,Female,26,42,Premium,56.197123072556494,0,0,2360.2791690473728
75,Male,63,69,Basic,36.848084655407455,3,0,2542.5178412231144
76,Female,18,38,Premium,107.89407008387344,3,1,4099.974663187191
77,Female,68,55,Premium,142.71769969721726,0,0,7849.473483346949
78,Female,62,62,Premium,54.96584410740017,5,0,3407.8823346588106
79,Male,30,45,Basic,81.80285902050957,3,0,3681.1286559229306
80,Female,21,10,Ultimate,102.46416616245655,0,0,1024.6416616245656
81,Male,79,61,Ultimate,149.93061226803198,0,0,9145.767348349951
82,Female,18,24,Basic,33.62504844968437,0,0,807.0011627924249
83,Male,66,70,Premium,84.81420393574219,7,0,5936.994275501953
84,Female,57,51,Ultimate,70.065615587325,9,0,3573.346394953575
85,Male,49,3,Basic,132.55662147890615,7,0,397.66986443671846
86,Male,51,58,Ultimate,81.87580503151527,1,0,4748.796691827885
87,Female,45,71,Basic,34.42707819606925,6,0,2444.322551920917
88,Male,48,19,Premium,102.47513888725587,7,1,1947.0276388578613
89,Female,25,62,Ultimate,120.20148037430437,7,0,7452.49178320687
90,Female,56,53,Basic,20.374562716529898,9,0,1079.8518239760847
91,Female,43,56,Ultimate,131.66436910468184,6,0,7373.204669862183
92,Female,75,40,Ultimate,44.18299000073653,4,0,1767.3196000294613
93,Female,51,2,Ultimate,91.76901740493912,0,0,183.53803480987824
94,Female,71,5,Ultimate,74.05367508936851,8,0,370.2683754468426
95,Female,71,4,Basic,113.55499615936895,6,0,454.2199846374758
96,Female,20,4,Premium,68.25100992214644,1,1,273.00403968858575
97,Female,76,53,Basic,133.0692129686224,5,0,7052.668287336987
98,Female,67,46,Basic,114.96452692464273,1,0,5288.368238533565
99,Female,29,48,Basic,104.20271223817979,0,0,5001.7301874326295
100,Male,18,8,Premium,123.51127742317107,6,0,988.0902193853685
101,Male,71,19,Ultimate,118.0229945406897,1,0,2242.436896273104
102,Female,61,60,Ultimate,24.672027739801933,1,0,1480.321664388116
103,Female,22,34,Ultimate,71.31546599982767,4,0,2424.7258439941406
104,Female,47,49,Premium,141.00494865114368,4,0,6909.24248390604
105,Female,47,61,Ultimate,36.34415496898941,6,0,2216.993453108354
106,Female,76,16,Premium,115.82255155616666,0,0,1853.1608248986665
107,Female,74,2,Ultimate,146.69693547359287,7,0,293.39387094718575
108,Female,34,31,Ultimate,26.785821775846312,2,0,830.3604750512357
109,Female,65,12,Basic,108.68520448145937,3,1,1304.2224537775123
110,Male,64,67,Premium,80.86003836913395,8,0,5417.6225707319745
111,Female,40,13,Basic,95.29278319871388,3,0,1238.8061815832805
112,Male,32,10,Basic,31.09437374296223,9,0,310.9437374296223
113,Female,54,55,Basic,25.59090374270213,4,0,1407.4997058486172
114,Female,38,66,Premium,106.69266587161982,6,0,7041.715947526908
115,Male,31,28,Premium,127.03022587669332,3,1,3556.846324547413
116,Female,19,8,Ultimate,121.66199354128574,0,0,973.2959483302859
117,Male,28,66,Basic,90.69474462261086,8,0,5985.8531450923165
118,Female,68,24,Ultimate,32.98268674770316,3,0,791.584481944876
119,Female,56,41,Basic,109.4457776986818,8,0,4487.276885645953
120,Male,55,8,Premium,51.445554862038975,5,0,411.5644388963118
121,Female,77,39,Premium,138.43893135975986,0,0,5399.118323030634
122,Male,51,24,Premium,128.97449674094162,2,0,3095.387921782599
123,Female,55,4,Basic,112.21978572136082,1,0,448.8791428854433
124,Male,67,10,Premium,143.34997425804696,8,0,1433.4997425804695
125,Male,51,58,Basic,24.08483679646548,0,0,1396.9205341949978
126,Female,35,37,Ultimate,115.70605525789907,8,0,4281.124044542265
127,Female,47,71,Basic,62.93156131373269,8,0,4468.140853275021
128,Male,32,4,Ultimate,137.7885651392275,7,0,551.15426055691
129,Female,44,47,Basic,54.66777556605709,7,0,2569.385451604683
130,Female,68,17,Ultimate,114.23134491095222,0,0,1941.9328634861877
131,Female,51,69,Premium,134.09411255460157,7,0,9252.493766267507
132,Male,69,36,Ultimate,25.415386389748715,9,0,914.9539100309537
133,Male,74,59,Premium,71.6941853469647,2,0,4229.956935470917
134,Male,55,47,Premium,119.10017416285203,6,0,5597.708185654045
135,Male,50,27,Ultimate,79.13945563598632,0,1,2136.7653021716305
136,Male,41,68,Basic,54.74284187316739,0,0,3722.513247375383
137,Male,32,39,Basic,48.5746953470147,9,0,1894.4131185335734
138,Male,77,44,Basic,37.09737469912913,4,0,1632.2844867616818
139,Male,47,61,Basic,131.42684278131668,4,0,8017.037409660317
140,Male,72,57,Basic,94.79620242270228,7,0,5403.38353809403
141,Female,59,66,Premium,29.93004284888928,6,0,1975.3828280266923
142,Male,68,55,Basic,69.7354420641826,7,0,3835.4493135300436
143,Female,34,39,Premium,67.80537460466428,5,0,2644.409609581907
144,Female,22,39,Premium,43.62609479223019,5,0,1701.4176968969775
145,Female,46,32,Premium,76.61599131138479,1,0,2451.7117219643133
146,Male,21,5,Ultimate,63.17291750110774,5,0,315.8645875055387
147,Male,27,18,Ultimate,64.43448171398373,4,0,1159.820670851707
148,Male,73,39,Premium,116.07345251243463,2,1,4526.86464798495
149,Male,34,58,Ultimate,49.024240115675525,5,0,2843.4059267091807
150,Female,27,58,Basic,103.4417946511962,7,0,5999.62408976938
151,Male,34,47,Basic,94.18445110452153,8,0,4426.669201912512
152,Male,77,40,Premium,93.85202660392275,0,0,3754.08106415691
153,Male,37,12,Basic,106.19095499843087,2,0,1274.2914599811704
154,Male,41,44,Premium,91.28966470543502,2,0,4016.745247039141
155,Male,22,52,Premium,134.30316493003,7,0,6983.76457636156
156,Female,51,41,Basic,107.82541195353377,0,0,4420.841890094885
157,Male,23,62,Ultimate,91.10522267828046,4,0,5648.523806053388
158,Female,70,26,Basic,127.86920563739383,2,1,3324.5993465722395
159,Male,19,37,Basic,98.79905344135237,1,0,3655.564977330038
160,Female,30,59,Premium,57.84875221207327,7,0,3413.076380512323
161,Male,79,6,Premium,46.92233936295426,2,0,281.53403617772557
162,Male,60,4,Premium,39.80261213614824,6,0,159.21044854459296
163,Female,60,44,Premium,136.9291776309932,0,0,6024.8838157637
164,Female,65,57,Ultimate,112.31760613374855,5,0,6402.103549623667
165,Female,28,30,Ultimate,141.8591969613617,2,0,4255.775908840851
166,Male,68,22,Ultimate,98.4279347429426,7,1,2165.4145643447373
167,Female,64,41,Premium,81.54211459433864,5,1,3343.226698367884
168,Male,74,9,Premium,27.76314356621561,1,1,249.8682920959405
169,Male,40,31,Premium,107.31349660098387,5,0,3326.7183946305
170,Female,72,52,Ultimate,95.68713876987005,6,0,4975.731216033242
171,Female,33,29,Premium,148.72715616639078,4,0,4313.087528825333
172,Male,48,38,Basic,51.090641111691596,2,0,1941.4443622442807
173,Male,28,30,Basic,88.99585618728867,3,0,2669.87568561866
174,Female,71,1,Premium,104.62445356534944,3,0,104.62445356534944
175,Female,33,11,Basic,103.79685271650467,5,0,1141.7653798815513
176,Female,25,38,Basic,92.96816058329236,9,0,3532.7901021651096
177,Male,21,65,Ultimate,121.00064134253931,0,0,7865.041687265055
178,Male,57,12,Premium,46.64755723848614,3,1,559.7706868618336
179,Male,21,45,Premium,114.33153603567406,9,0,5144.919121605333
180,Male,73,26,Ultimate,100.5654942863016,3,0,2614.7028514438416
181,Male,42,16,Basic,136.48976453329453,9,0,2183.8362325327125
182,Male,20,59,Basic,130.1352770743656,0,0,7677.981347387571
183,Female,49,63,Premium,60.96911508723193,8,1,3841.0542504956115
184,Male,20,34,Basic,55.9108522467699,3,0,1900.9689763901765
185,Male,44,69,Ultimate,147.61493210081824,6,0,10185.430314956458
186,Male,46,29,Ultimate,88.54447351898335,2,0,2567.789732050517
187,Female,49,70,Premium,137.83472530887678,9,1,9648.430771621375
188,Male,67,62,Ultimate,41.30453309146269,2,0,2560.8810516706867
189,Male,78,27,Ultimate,103.56645892402265,7,1,2796.2943909486116
190,Female,75,59,Premium,125.2818243568762,7,0,7391.627637055696
191,Male,68,36,Ultimate,143.1613824462381,0,0,5153.8097680645715
192,Male,36,21,Ultimate,63.85421833221305,9,0,1340.938584976474
193,Male,38,67,Ultimate,114.24755209012682,1,1,7654.585990038497
194,Male,22,19,Basic,90.04569117515048,7,0,1710.868132327859
195,Male,35,67,Premium,27.881760388640863,0,0,1868.0779460389379
196,Female,45,63,Premium,109.69996585016264,7,0,6911.097848560246
197,Female,59,16,Premium,109.71255257091964,7,0,1755.4008411347143
198,Female,78,11,Basic,140.9788846300498,1,0,1550.767730930548
199,Male,39,21,Basic,84.65061800196641,3,1,1777.6629780412945
200,Male,38,16,Premium,49.932619692366906,5,0,798.9219150778705
201,Male,23,9,Basic,25.79329704832829,8,0,232.13967343495463
202,Female,18,64,Premium,74.03348426916773,7,0,4738.142993226735
203,Male,22,21,Basic,59.24917101007524,7,0,1244.23259121158
204,Male,58,49,Ultimate,118.94147978310383,6,0,5828.132509372088
205,Female,29,13,Ultimate,66.05480942933606,8,0,858.7125225813688
206,Male,43,63,Premium,143.37925552092972,1,0,9032.893097818573
207,Female,63,46,Basic,145.10032638841196,2,0,6674.61501386695
208,Female,51,28,Basic,100.71811672830205,9,0,2820.1072683924576
209,Female,66,35,Ultimate,140.72583731193478,7,0,4925.4043059177175
210,Male,31,51,Ultimate,118.91106478688444,5,0,6064.4643041311065
211,Male,43,6,Basic,91.09175332676641,9,1,546.5505199605984
212,Male,62,28,Basic,43.440031604961156,8,1,1216.3208849389123
213,Male,44,10,Basic,79.6177326567992,9,1,796.177326567992
214,Male,26,32,Basic,92.91368023714028,3,0,2973.237767588489
215,Male,43,5,Basic,132.3150054955513,7,0,661.5750274777565
216,Male,74,31,Basic,82.57333894963644,9,0,2559.7735074387297
217,Female,64,50,Premium,136.69770744813437,2,0,6834.8853724067185
218,Male,74,57,Basic,107.66536727305096,2,0,6136.925934563905
219,Female,39,25,Ultimate,37.80987819697728,7,0,945.246954924432
220,Male,64,45,Premium,149.3475780122621,4,0,6720.641010551794
221,Male,73,28,Basic,88.54024589800864,2,0,2479.126885144242
222,Male,47,3,Ultimate,70.94157853318026,9,1,212.8247355995408
223,Female,60,12,Premium,105.68478938103844,0,0,1268.2174725724612
224,Female,65,38,Ultimate,34.15613081753508,2,1,1297.932971066333
225,Female,78,14,Basic,102.75002407793606,8,0,1438.500337091105
226,Female,34,28,Basic,84.77068006490549,4,0,2373.5790418173538
227,Male,43,28,Basic,72.86762909981582,9,0,2040.2936147948428
228,Female,53,31,Basic,143.89260275325688,1,0,4460.670685350963
229,Male,18,1,Premium,87.93016317516692,6,1,87.93016317516692
230,Male,25,46,Premium,48.48527233109199,1,1,2230.3225272302316
231,Female,66,21,Ultimate,79.66525231904882,3,0,1672.970298700025
232,Female,52,26,Basic,139.52036259444745,6,0,3627.5294274556336
233,Female,78,66,Ultimate,42.892411272977306,3,1,2830.8991440165023
234,Female,69,55,Premium,47.814415029470794,6,0,2629.7928266208937
235,Female,32,20,Basic,21.693843808420887,6,1,433.87687616841777
236,Female,64,46,Basic,21.844706421449732,0,0,1004.8564953866877
237,Female,73,58,Premium,127.82091150460663,5,0,7413.612867267185
238,Female,39,5,Premium,115.17593888958426,8,0,575.8796944479213
239,Male,31,18,Premium,66.15533733875458,1,0,1190.7960720975825
240,Female,43,56,Premium,110.78045043958446,2,0,6203.7052246167295
241,Female,45,68,Premium,71.37677042029613,9,0,4853.620388580137
242,Male,40,2,Basic,143.87658347971757,4,0,287.75316695943513
243,Female,31,0,Premium,145.71684858538453,8,0,0.0
244,Male,41,57,Basic,71.06319085521464,3,0,4050.6018787472344
245,Male,19,37,Basic,131.04884782431284,0,0,4848.8073694995755
246,Female,62,14,Premium,120.5015754206706,3,0,1687.0220558893884
247,Male,43,33,Premium,60.29999183233261,5,0,1989.899730466976
248,Male,31,60,Basic,50.16517775714378,4,0,3009.910665428627
249,Male,76,34,Premium,79.5705045510684,0,1,2705.3971547363253
250,Male,73,63,Premium,121.57534927987281,3,1,7659.247004631987
251,Female,68,24,Premium,144.8218120147369,5,0,3475.7234883536858
252,Male,24,23,Ultimate,119.26527895265443,9,0,2743.101415911052
253,Female,20,11,Basic,131.17690805238811,9,1,1442.9459885762692
254,Male,64,17,Ultimate,98.39835980216715,3,1,1672.7721166368415
255,Male,40,14,Premium,128.6030180094764,8,0,1800.4422521326694
256,Male,63,26,Ultimate,121.97471154044429,4,0,3171.3425000515517
257,Male,60,71,Premium,69.00812045041641,7,0,4899.576551979565
258,Female,64,59,Ultimate,91.75873927569374,8,0,5413.765617265931
259,Female,77,45,Premium,124.61790585866034,9,0,5607.805763639715
260,Male,62,16,Ultimate,25.98737544469433,4,0,415.7980071151093
261,Male,35,52,Ultimate,125.05030670625789,5,1,6502.61594872541
262,Female,75,7,Ultimate,43.125456126373045,0,1,301.87819288461134
263,Male,55,26,Basic,86.90887022578707,6,0,2259.630625870464
264,Male,52,45,Ultimate,125.07580714227188,3,0,5628.4113214022345
265,Male,68,49,Basic,52.99674016037033,1,0,2596.840267858146
266,Female,32,70,Premium,51.954967109799895,4,1,3636.847697685993
267,Female,42,2,Ultimate,72.35937180009275,2,0,144.7187436001855
268,Female,72,63,Premium,136.30356368509248,5,0,8587.124512160826
269,Male,54,43,Premium,20.057561586837025,7,0,862.4751482339921
270,Male,45,52,Ultimate,137.17980256345155,6,0,7133.34973329948
271,Female,27,23,Basic,39.99491320340901,2,0,919.8830036784072
272,Female,56,59,Ultimate,148.71122888877267,7,0,8773.962504437588
273,Female,74,2,Premium,144.13010909500085,1,0,288.2602181900017
274,Female,34,19,Premium,84.30777464686683,9,1,1601.8477182904699
275,Male,56,45,Ultimate,86.65363221564166,8,1,3899.413449703875
276,Female,39,14,Basic,82.60141423586106,3,1,1156.4197993020548
277,Male,43,24,Basic,102.60767393573794,0,0,2462.5841744577106
278,Female,79,70,Premium,31.793821290541032,7,0,2225.567490337872
279,Male,61,16,Premium,24.240333284403647,6,0,387.84533255045835
280,Female,42,8,Basic,27.501380694066853,4,1,220.01104555253482
281,Female,34,37,Ultimate,77.76749540139687,9,0,2877.3973298516844
282,Female,30,47,Premium,55.82123209853284,4,0,2623.5979086310435
283,Female,37,59,Basic,100.86514310822919,6,0,5951.043443385523
284,Male,42,62,Premium,149.01749761872128,4,0,9239.08485236072
285,Female,21,1,Ultimate,70.22201249994058,7,0,70.22201249994058
286,Male,27,71,Basic,94.59936303358674,5,0,6716.554775384659
287,Male,20,10,Premium,74.0285064679536,4,0,740.285064679536
288,Male,58,63,Ultimate,130.14531680384172,8,0,8199.154958642028
289,Male,62,71,Premium,137.29073245009096,1,1,9747.642003956458
290,Female,35,20,Ultimate,134.0562295866838,0,0,2681.124591733676
291,Male,64,17,Ultimate,146.6683910283035,7,0,2493.3626474811595
292,Male,53,63,Basic,23.577494068253987,2,0,1485.3821263000011
293,Male,64,37,Ultimate,129.17610107891903,6,1,4779.515739920004
294,Female,39,31,Premium,117.73038249508213,9,0,3649.6418573475457
295,Female,51,10,Ultimate,49.73027322204742,7,1,497.30273222047424
296,Female,64,44,Ultimate,144.3216121403786,5,0,6350.150934176658
297,Female,25,32,Basic,39.26313066989291,9,1,1256.420181436573
298,Male,57,40,Ultimate,108.34149052740808,8,1,4333.6596210963235
299,Male,66,7,Ultimate,49.23572818606863,6,0,344.6500973024804
300,Female,61,10,Premium,76.0794843406297,9,0,760.7948434062971
301,Male,36,50,Basic,113.49078660279396,4,0,5674.539330139698
302,Male,59,40,Basic,93.23220346429606,7,0,3729.2881385718424
303,Male,58,16,Basic,75.57523807265451,1,0,1209.2038091624722
304,Female,54,45,Ultimate,62.42399602115834,6,0,2809.0798209521254
305,Female,23,31,Basic,129.15575524214273,3,0,4003.8284125064247
306,Male,69,53,Ultimate,38.69586554092578,8,0,2050.880873669066
307,Female,43,19,Ultimate,75.91337394887401,0,0,1442.3541050286062
308,Female,51,32,Premium,137.48848433076847,6,0,4399.631498584591
309,Female,76,39,Premium,129.9604415597958,5,0,5068.457220832037
310,Female,73,31,Premium,72.12242912149607,7,0,2235.795302766378
311,Female,76,1,Premium,119.20408726817008,4,0,119.20408726817008
312,Male,62,32,Premium,127.0109079921517,0,0,4064.3490557488544
313,Female,23,29,Ultimate,135.55536512047186,0,1,3931.105588493684
314,Male,54,32,Ultimate,90.78574997639964,8,0,2905.1439992447886
315,Male,74,25,Basic,46.57991518711253,9,0,1164.4978796778132
316,Female,50,21,Ultimate,53.19017994551111,5,0,1116.9937788557334
317,Male,70,65,Ultimate,58.44030762540855,9,1,3798.6199956515557
318,Male,39,37,Premium,97.19432250525001,4,1,3596.1899326942507
319,Male,38,45,Ultimate,24.265251136719098,0,1,1091.9363011523594
320,Female,23,14,Premium,102.68552094139588,5,0,1437.5972931795422
321,Female,23,43,Basic,67.36605099567015,5,0,2896.7401928138165
322,Male,72,48,Basic,58.38143432365348,2,0,2802.308847535367
323,Female,65,60,Ultimate,134.33455419465645,7,0,8060.073251679387
324,Female,21,66,Basic,79.80031142550385,0,1,5266.820554083254
325,Female,47,5,Ultimate,32.356895919250064,0,0,161.78447959625032
326,Female,28,8,Basic,127.47707984341211,5,0,1019.8166387472969
327,Male,79,5,Premium,26.193363466745858,9,0,130.9668173337293
328,Male,79,31,Premium,114.47739914186556,0,1,3548.7993733978324
329,Female,47,40,Premium,120.60780883018647,5,0,4824.312353207459
330,Female,48,7,Premium,65.83833877075156,0,0,460.86837139526097
331,Male,41,71,Ultimate,127.22242131611227,5,0,9032.79191344397
332,Male,72,49,Basic,87.03572276133895,2,0,4264.750415305608
333,Female,26,61,Ultimate,80.22817492546358,7,0,4893.9186704532785
334,Male,72,61,Premium,25.90242659093003,5,1,1580.0480220467318
335,Female,20,6,Ultimate,57.703795174357765,0,0,346.2227710461466
336,Female,68,3,Basic,141.03129621508896,4,0,423.0938886452669
337,Male,48,5,Ultimate,70.937115226855,7,0,354.685576134275
338,Male,57,57,Basic,91.07106767237988,2,0,5191.050857325653
339,Female,54,21,Ultimate,89.16281826795273,5,1,1872.4191836270074
340,Female,53,25,Basic,96.75604167695013,4,0,2418.9010419237534
341,Male,41,2,Basic,27.973024233626738,5,0,55.946048467253476
342,Female,48,40,Premium,67.08291312383469,9,1,2683.3165249533877
343,Male,23,59,Basic,114.00667560473204,0,0,6726.39386067919
344,Female,19,13,Premium,46.07283263948778,6,0,598.9468243133412
345,Male,37,11,Premium,46.46518908102686,8,0,511.1170798912954
346,Male,45,11,Premium,21.311778869573214,1,0,234.42956756530535
347,Male,28,12,Ultimate,76.87265045906727,9,0,922.4718055088073
348,Female,21,24,Ultimate,134.75546948754487,4,0,3234.131267701077
349,Female,32,44,Ultimate,26.747122666350172,9,0,1176.8733973194076
350,Male,23,18,Ultimate,44.84543223448034,3,0,807.2177802206461
351,Female,71,54,Basic,60.31098998455816,5,0,3256.7934591661406
352,Male,66,44,Basic,115.12421575334767,5,0,5065.465493147298
353,Male,47,7,Ultimate,103.28262706433625,1,1,722.9783894503538
354,Female,73,52,Basic,74.07270759564116,1,0,3851.7807949733406
355,Female,55,54,Basic,118.67896210358884,3,0,6408.6639535937975
356,Male,68,31,Premium,99.25203151539725,0,0,3076.8129769773145
357,Female,79,50,Premium,136.4853039554385,8,0,6824.265197771925
358,Female,74,43,Premium,126.3434773880301,6,0,5432.769527685294
359,Male,19,69,Premium,52.865768791596075,6,0,3647.7380466201294
360,Male,32,17,Basic,55.287015092446026,2,0,939.8792565715825
361,Female,28,21,Ultimate,36.296341853010134,2,0,762.2231789132128
362,Male,25,36,Basic,63.80541434326935,0,0,2296.9949163576966
363,Male,43,55,Basic,149.94070943348225,2,1,8246.739018841525
364,Female,68,58,Basic,72.74765191995793,2,1,4219.36381135756
365,Male,62,2,Premium,48.66349650958383,3,0,97.32699301916766
366,Male,61,27,Premium,119.12277498182189,3,0,3216.314924509191
367,Female,22,34,Premium,90.5212304501453,2,0,3077.72183530494
368,Female,23,60,Ultimate,39.448188438503834,9,0,2366.89130631023
369,Male,43,53,Basic,69.48965855091255,7,0,3682.951903198365
370,Male,71,62,Ultimate,73.88106302011462,7,1,4580.625907247107
371,Female,21,6,Premium,117.99786107399842,0,0,707.9871664439905
372,Female,36,48,Ultimate,22.68727795594758,6,0,1088.9893418854838
373,Female,37,30,Basic,54.97255408378036,1,0,1649.1766225134108
374,Female,50,57,Basic,87.28751917101786,0,0,4975.388592748018
375,Male,37,60,Premium,54.950076518869636,2,1,3297.004591132178
376,Female,66,23,Premium,101.69642616446986,3,0,2339.0178017828066
377,Female,29,19,Ultimate,82.64277230570016,5,1,1570.2126738083032
378,Male,64,36,Premium,67.02233313174548,9,0,2412.803992742837
379,Female,18,3,Premium,143.3971214931666,4,0,430.1913644794998
380,Male,43,19,Basic,102.18073489423946,3,1,1941.4339629905498
381,Female,31,59,Premium,36.89237839483236,7,0,2176.6503252951093
382,Female,55,23,Premium,92.81192066764142,3,1,2134.6741753557526
383,Female,54,49,Basic,121.49514091611712,9,0,5953.261904889739
384,Male,79,48,Basic,112.10366067406365,1,0,5380.975712355055
385,Male,28,50,Ultimate,42.37159980838372,2,1,2118.579990419186
386,Female,53,35,Premium,146.41459987521344,5,0,5124.51099563247
387,Male,30,65,Basic,78.34577394705877,7,1,5092.47530655882
388,Male,60,33,Ultimate,40.67325048623397,7,1,1342.2172660457209
389,Male,20,35,Ultimate,43.42544803665923,8,0,1519.8906812830733
390,Male,50,5,Premium,32.770548984580465,6,0,163.85274492290233
391,Male,23,38,Premium,124.45735409654147,1,0,4729.379455668575
392,Male,67,41,Ultimate,35.86396426184032,7,0,1470.4225347354532
393,Female,73,57,Basic,36.2662834284271,6,0,2067.178155420345
394,Female,27,11,Ultimate,130.56130991890888,7,0,1436.1744091079977
395,Male,22,2,Premium,64.79853097818275,2,0,129.5970619563655
396,Female,40,17,Basic,24.01152756004942,6,0,408.19596852084015
397,Female,27,39,Basic,26.746388937393412,9,1,1043.109168558343
398,Female,61,20,Ultimate,38.48215807150642,8,1,769.6431614301284
399,Female,19,14,Premium,47.74113523683964,2,0,668.375893315755
400,Male,30,25,Ultimate,106.4690052509927,9,0,2661.725131274817
401,Female,57,7,Ultimate,40.452416400237674,5,1,283.1669148016637
402,Female,19,41,Ultimate,35.45367085301936,1,0,1453.6005049737937
403,Male,37,43,Basic,119.41348839191629,1,0,5134.7800008524
404,Male,18,13,Basic,107.23718690178887,4,1,1394.0834297232554
405,Female,54,1,Premium,76.5921487891807,4,0,76.5921487891807
406,Female,26,36,Premium,91.41027029241351,6,0,3290.7697305268866
407,Female,34,68,Ultimate,60.5579226424344,1,1,4117.938739685539
408,Female,26,37,Ultimate,82.72505463059689,6,1,3060.8270213320848
409,Female,28,40,Ultimate,85.86744436775695,4,0,3434.697774710278
410,Female,32,61,Premium,70.34084525315248,5,0,4290.7915604423015
411,Male,41,59,Basic,137.85438738738117,7,0,8133.408855855489
412,Female,55,13,Basic,22.0880424475308,9,0,287.1445518179004
413,Female,72,1,Ultimate,121.682264201862,3,0,121.682264201862
414,Male,52,69,Ultimate,36.16976806137216,6,0,2495.713996234679
415,Male,47,16,Ultimate,123.68115686983593,5,1,1978.898509917375
416,Male,48,27,Ultimate,100.06854903797375,9,0,2701.8508240252913
417,Male,66,65,Premium,129.62615182173232,1,0,8425.699868412601
418,Female,22,34,Basic,32.67686233331667,7,0,1111.0133193327667
419,Female,79,4,Ultimate,92.66748243297063,9,0,370.6699297318825
420,Female,77,64,Premium,85.14142443408562,8,0,5449.05116378148
421,Female,61,39,Ultimate,111.80511378523663,4,0,4360.399437624228
422,Female,67,55,Ultimate,89.45777174617785,9,0,4920.177446039782
423,Female,31,35,Basic,90.29549372730355,3,0,3160.3422804556244
424,Male,70,44,Ultimate,75.84747266488841,5,0,3337.2887972550902
425,Female,73,22,Basic,60.14847512095431,7,1,1323.266452660995
426,Male,28,46,Basic,82.69436696278498,2,0,3803.9408802881094
427,Male,26,30,Basic,35.404006639892074,9,0,1062.1201991967623
428,Female,51,10,Premium,144.99673406780101,0,1,1449.9673406780103
429,Male,29,9,Premium,112.87339927145777,3,1,1015.8605934431199
430,Female,52,66,Basic,143.8207251694201,3,0,9492.167861181726
431,Male,52,13,Ultimate,49.47455970289522,0,0,643.1692761376379
432,Female,18,9,Basic,134.31433262294865,8,1,1208.828993606538
433,Male,57,0,Ultimate,125.14269799326,2,1,0.0
434,Female,39,4,Basic,108.02981361949757,4,0,432.1192544779903
435,Female,77,19,Ultimate,101.25379419107675,5,0,1923.8220896304583
436,Female,46,7,Premium,61.1514564848231,7,0,428.0601953937617
437,Female,25,42,Ultimate,126.13340204545399,5,0,5297.6028859090675
438,Female,28,0,Basic,85.1970099923654,2,0,0.0
439,Male,58,56,Premium,29.215904865867095,5,0,1636.0906724885574
440,Male,54,63,Ultimate,60.6722109111669,0,1,3822.3492874035146
441,Male,31,27,Ultimate,141.5886228108926,3,0,3822.8928158941
442,Female,77,36,Ultimate,130.58843387863,5,0,4701.18361963068
443,Male,47,46,Ultimate,147.6477407499501,6,0,6791.7960744977045
444,Female,52,36,Ultimate,101.63913973853275,9,0,3659.009030587179
445,Female,38,48,Premium,52.17630950825355,2,0,2504.4628563961705
446,Male,54,43,Premium,41.165956457992294,8,0,1770.1361276936686
447,Male,22,55,Premium,44.29887727910001,6,0,2436.4382503505008
448,Female,36,27,Premium,22.57343558514307,0,0,609.4827607988628
449,Male,76,5,Basic,70.7886744281721,1,1,353.9433721408605
450,Female,31,60,Premium,44.88559846494053,0,0,2693.1359078964315
451,Female,43,19,Ultimate,73.51520985937131,8,0,1396.7889873280549
452,Female,79,1,Ultimate,141.5492761390395,8,1,141.5492761390395
453,Female,21,36,Premium,75.97022723593469,6,0,2734.9281804936486
454,Female,42,19,Ultimate,134.13798460802855,9,0,2548.6217075525424
455,Male,62,25,Premium,98.71561966006395,2,1,2467.8904915015987
456,Male,59,28,Ultimate,52.12710210598095,4,0,1459.5588589674667
457,Female,42,0,Basic,66.26111870369749,3,0,0.0
458,Female,35,34,Basic,30.909539656785824,6,0,1050.924348330718
459,Male,57,69,Premium,63.350137167481364,8,1,4371.1594645562145
460,Male,25,58,Premium,108.08032291545943,1,0,6268.658729096647
461,Female,56,68,Premium,29.374442080826576,7,0,1997.462061496207
462,Male,57,32,Ultimate,46.70218310214381,8,0,1494.469859268602
463,Female,31,50,Premium,69.58733538373049,9,0,3479.3667691865244
464,Male,49,11,Basic,147.6664398120751,9,0,1624.3308379328262
465,Female,68,19,Ultimate,122.03203698465443,8,0,2318.608702708434
466,Male,78,52,Premium,115.3532770439735,9,0,5998.370406286623
467,Female,55,42,Ultimate,35.10482434830798,6,0,1474.4026226289352
468,Male,50,49,Ultimate,121.52946616994889,8,0,5954.943842327496
469,Male,40,28,Premium,122.08494549708196,8,0,3418.3784739182947
470,Female,32,56,Ultimate,98.14335043116267,2,1,5496.02762414511
471,Male,50,38,Basic,148.74703165978835,3,0,5652.387203071958
472,Female,42,55,Basic,62.28300777019175,1,1,3425.5654273605464
473,Male,34,42,Ultimate,142.36541827144072,9,1,5979.34756740051
474,Female,50,49,Premium,138.91504494434548,2,0,6806.837202272929
475,Male,64,22,Ultimate,21.49248576741912,4,0,472.8346868832206
476,Female,72,43,Basic,78.51514844172544,4,1,3376.151382994194
477,Male,19,37,Ultimate,147.02355029670454,5,0,5439.871360978068
478,Female,31,22,Ultimate,33.40577711304985,6,1,734.9270964870967
479,Male,70,44,Basic,91.21201026983152,6,0,4013.328451872587
480,Female,57,51,Ultimate,147.26447591534352,0,0,7510.48827168252
481,Female,57,49,Ultimate,92.21440513376182,1,0,4518.505851554329
482,Female,68,7,Premium,44.67598938638028,8,0,312.731925704662
483,Male,56,0,Premium,95.68381991203667,9,1,0.0
484,Female,68,7,Basic,46.57727461344109,1,0,326.04092229408764
485,Male,23,28,Basic,87.56155417628295,5,0,2451.723516935923
486,Female,23,4,Basic,29.62548832860524,0,1,118.50195331442096
487,Male,20,46,Premium,98.7127469978726,2,0,4540.78636190214
488,Female,24,33,Basic,87.18269208666057,1,0,2877.0288388597987
489,Male,68,64,Basic,116.2209779389902,2,0,7438.142588095373
490,Male,25,54,Basic,101.99106125064205,4,0,5507.51730753467
491,Female,59,42,Premium,91.44881490899837,9,0,3840.8502261779317
492,Male,69,29,Ultimate,109.67125040225575,5,0,3180.466261665417
493,Male,32,16,Basic,38.71244876439001,8,0,619.3991802302402
494,Female,64,25,Ultimate,97.39675596361853,9,0,2434.918899090463
495,Male,46,7,Basic,42.374378366961096,3,0,296.6206485687277
496,Male,50,46,Ultimate,140.31788702074454,6,0,6454.622802954249
497,Male,69,71,Premium,28.883433629928547,5,0,2050.7237877249268
498,Female,47,45,Premium,75.94871745980312,1,0,3417.6922856911406
499,Male,56,67,Basic,110.45367209520784,9,0,7400.396030378925
500,Female,44,32,Ultimate,79.54288751687363,7,0,2545.3724005399563
501,Male,53,0,Premium,31.972382920277305,6,1,0.0
502,Male,46,18,Basic,91.93927209647195,6,0,1654.9068977364952
503,Male,55,30,Basic,103.4121481475561,7,0,3102.364444426683
504,Female,74,13,Premium,111.493000428766,0,0,1449.409005573958
505,Male,50,52,Premium,68.52377588015867,0,0,3563.2363457682504
506,Male,78,47,Basic,93.27579623373909,7,0,4383.962422985737
507,Female,54,68,Ultimate,78.5892417420587,3,0,5344.068438459992
508,Male,44,61,Ultimate,107.36728503779294,4,0,6549.40438730537
509,Female,72,65,Ultimate,95.86240575222641,7,0,6231.056373894717
510,Female,50,63,Basic,88.34830854268753,4,1,5565.943438189314
511,Male,79,69,Premium,52.43816768897232,9,0,3618.23357053909
512,Female,21,62,Basic,20.262407307270408,3,0,1256.2692530507652
513,Male,39,32,Premium,42.6306177904858,5,1,1364.1797692955456
514,Female,19,40,Ultimate,35.21858538514192,4,0,1408.7434154056768
515,Female,27,47,Ultimate,78.38101685142308,6,0,3683.9077920168847
516,Male,22,12,Premium,99.5935595990398,9,0,1195.1227151884777
517,Female,76,30,Premium,47.70105112902506,6,0,1431.031533870752
518,Female,27,67,Basic,142.07742247573432,3,0,9519.1873058742
519,Female,50,3,Ultimate,20.868676799105412,4,0,62.60603039731623
520,Female,71,18,Basic,120.39913197149457,2,0,2167.1843754869024
521,Female,55,69,Basic,101.27662003895749,3,0,6988.086782688067
522,Male,30,12,Basic,68.56212413619865,3,0,822.7454896343838
523,Female,48,22,Ultimate,26.56356277361303,2,1,584.3983810194866
524,Male,64,0,Basic,101.57325433195632,9,0,0.0
525,Female,53,53,Basic,70.12975667253426,4,0,3716.8771036443154
526,Male,62,70,Basic,141.7147281237185,4,0,9920.030968660294
527,Male,41,14,Basic,90.45870973566957,6,0,1266.421936299374
528,Female,69,64,Basic,142.15469646815606,3,1,9097.900573961988
529,Female,73,70,Basic,48.662880151529535,3,0,3406.4016106070676
530,Female,32,14,Ultimate,114.34436834733343,8,0,1600.821156862668
531,Male,46,20,Basic,100.24237271033434,5,0,2004.8474542066867
532,Female,25,18,Premium,116.12306987807054,3,0,2090.2152578052696
533,Male,22,59,Basic,47.90682231642978,1,0,2826.502516669357
534,Male,46,32,Basic,106.44928711091059,5,0,3406.377187549139
535,Male,64,48,Ultimate,84.74525109739297,1,0,4067.7720526748626
536,Female,21,34,Ultimate,116.56724673782111,4,0,3963.2863890859176
537,Female,29,43,Premium,62.51580373973631,5,0,2688.1795608086613
538,Male,62,10,Premium,135.70741331048282,3,1,1357.0741331048282
539,Male,19,71,Ultimate,30.95917089947555,2,0,2198.101133862764
540,Female,44,65,Ultimate,124.93461144285445,6,0,8120.749743785539
541,Male,48,45,Basic,131.97155135596182,1,0,5938.719811018282
542,Female,68,8,Ultimate,126.24280047768676,5,0,1009.942403821494
543,Male,68,2,Premium,86.65443125403088,3,0,173.30886250806176
544,Female,53,25,Basic,76.99004740399897,5,1,1924.7511850999742
545,Male,53,71,Premium,149.51409724823398,3,0,10615.500904624612
546,Female,43,47,Basic,49.792353657841076,3,1,2340.2406219185305
547,Male,60,65,Ultimate,91.0938755638858,3,0,5921.101911652577
548,Female,44,69,Premium,107.18781829970233,8,0,7395.959462679461
549,Female,22,27,Basic,111.11279266198616,6,0,3000.0454018736264
550,Male,37,25,Basic,46.52320654601523,2,0,1163.0801636503809
551,Male,28,24,Ultimate,105.01923200417416,2,0,2520.4615681001796
552,Female,79,11,Ultimate,126.38804364257385,5,0,1390.2684800683123
553,Male,27,4,Ultimate,26.50241498674459,5,1,106.00965994697836
554,Female,57,47,Premium,138.49776813229113,3,1,6509.395102217683
555,Male,55,36,Basic,23.835527168876773,8,0,858.0789780795639
556,Female,23,43,Ultimate,66.27623422349126,3,0,2849.878071610124
557,Female,25,14,Premium,22.05571551028507,8,0,308.78001714399096
558,Female,40,42,Premium,30.028871910145643,3,0,1261.212620226117
559,Female,64,47,Premium,138.4518770734103,1,0,6507.2382224502835
560,Female,43,69,Ultimate,66.13190799699922,1,0,4563.101651792946
561,Female,63,45,Ultimate,75.22029895525688,4,0,3384.9134529865596
562,Male,60,42,Basic,47.99476957973184,3,0,2015.7803223487372
563,Male,29,20,Basic,97.62245012427357,6,0,1952.4490024854713
564,Male,43,22,Ultimate,97.32441790811265,4,0,2141.1371939784785
565,Female,30,46,Premium,68.3860509372785,5,0,3145.758343114811
566,Female,57,14,Premium,63.29453333470179,9,0,886.1234666858251
567,Female,79,24,Premium,135.0453600634764,3,0,3241.0886415234336
568,Female,35,35,Basic,69.82695115348618,1,0,2443.9432903720162
569,Male,42,50,Premium,84.15512898007307,9,0,4207.756449003654
570,Male,50,14,Basic,56.82961911524098,8,0,795.6146676133737
571,Female,64,67,Basic,122.28003543642656,9,0,8192.76237424058
572,Male,57,20,Premium,71.66826039688192,6,0,1433.3652079376384
573,Male,77,12,Premium,86.7694360507622,3,0,1041.2332326091464
574,Female,60,18,Ultimate,52.936432107755984,2,0,952.8557779396077
575,Male,29,33,Ultimate,148.39574700436273,9,0,4897.05965114397
576,Female,61,67,Premium,57.89444632008397,2,0,3878.9279034456263
577,Male,53,51,Basic,120.19652901772172,8,0,6130.022979903808
578,Female,65,26,Basic,75.5744345463787,4,0,1964.935298205846
579,Female,21,28,Basic,46.80826266093818,2,0,1310.6313545062692
580,Female,22,27,Basic,123.96343931543196,4,1,3347.0128615166627
581,Female,73,34,Basic,63.368882573775615,1,0,2154.5420075083707
582,Male,54,7,Ultimate,132.47513516171546,3,1,927.3259461320082
583,Female,25,15,Premium,138.983434039317,9,0,2084.7515105897546
584,Female,59,35,Ultimate,131.77709860086588,1,0,4612.198451030306
585,Female,66,29,Basic,24.551028924884733,1,0,711.9798388216573
586,Male,45,17,Basic,122.35853485066373,7,0,2080.0950924612835
587,Female,48,1,Basic,73.4741306448887,0,0,73.4741306448887
588,Male,75,48,Basic,133.58397962368926,6,0,6412.031021937084
589,Female,26,3,Premium,102.93405414901603,4,0,308.8021624470481
590,Male,71,6,Basic,128.3736074387146,7,0,770.2416446322876
591,Male,68,38,Premium,84.9261300826886,0,0,3227.1929431421668
592,Female,46,12,Basic,89.55331559786127,6,0,1074.6397871743352
593,Male,31,30,Premium,38.77039217737674,4,0,1163.1117653213023
594,Female,57,70,Ultimate,121.91835662961621,3,0,8534.284964073135
595,Female,58,62,Basic,74.52064951670631,6,0,4620.280270035792
596,Female,39,55,Premium,85.01041537530574,9,1,4675.572845641816
597,Male,28,41,Ultimate,122.06270283244199,1,1,5004.570816130122
598,Male,40,60,Basic,97.84990201032707,0,0,5870.9941206196245
599,Female,18,41,Basic,46.14283456754677,0,0,1891.8562172694176
600,Female,63,55,Basic,96.73024568961605,0,1,5320.163512928883
601,Male,54,35,Premium,72.99227153735525,4,0,2554.729503807434
602,Female,38,67,Premium,81.03832046570214,9,0,5429.567471202044
603,Female,43,6,Ultimate,23.680465672346813,6,1,142.08279403408088
604,Female,63,53,Premium,47.30381543711661,1,0,2507.1022181671806
605,Male,53,0,Premium,56.53495057953367,9,0,0.0
606,Male,71,43,Basic,112.68480102164474,7,0,4845.446443930724
607,Male,40,44,Basic,21.494021528754992,3,0,945.7369472652197
608,Female,74,46,Basic,73.14104395978717,2,1,3364.48802215021
609,Female,18,12,Basic,140.12349315534527,9,0,1681.4819178641433
610,Female,71,21,Basic,34.5444801513861,7,0,725.434083179108
611,Male,72,20,Basic,87.13517046841943,1,0,1742.7034093683887
612,Female,68,8,Basic,122.24790971081012,2,0,977.983277686481
613,Female,57,25,Ultimate,142.52906997761517,2,0,3563.226749440379
614,Female,32,8,Ultimate,117.08096313938334,9,0,936.6477051150667
615,Female,38,14,Ultimate,113.6735213237728,0,1,1591.4292985328193
616,Male,64,9,Ultimate,127.44345172544911,5,0,1146.9910655290419
617,Male,26,41,Basic,78.00615872708067,1,0,3198.2525078103076
618,Female,70,71,Ultimate,124.7597892403183,0,0,8857.9450360626
619,Male,26,23,Basic,21.035372616908646,1,0,483.81357018889884
620,Male,27,48,Ultimate,140.19293719898462,5,1,6729.260985551262
621,Female,69,25,Premium,77.62984623723278,3,0,1940.7461559308197
622,Female,74,36,Ultimate,91.93942442254719,5,0,3309.819279211699
623,Male,70,67,Ultimate,53.1346923589347,8,0,3560.024388048625
624,Female,43,49,Basic,116.52900826925479,9,0,5709.921405193485
625,Male,58,23,Ultimate,29.962654841782346,9,0,689.141061360994
626,Female,52,18,Premium,133.4426543310886,7,0,2401.9677779595945
627,Male,69,59,Basic,127.65518777082455,0,0,7531.656078478649
628,Female,42,38,Basic,48.08781511181963,7,1,1827.336974249146
629,Male,43,17,Ultimate,125.21217177708411,8,0,2128.60692021043
630,Male,28,18,Basic,122.22650529799259,5,1,2200.0770953638666
631,Male,55,35,Basic,102.18815770801336,9,0,3576.5855197804676
632,Female,19,54,Basic,68.55762299695938,4,0,3702.1116418358065
633,Male,24,68,Basic,55.29483804364282,5,0,3760.0489869677117
634,Male,35,46,Basic,50.1318667376155,5,0,2306.065869930313
635,Female,44,48,Basic,61.419165159268935,8,0,2948.119927644909
636,Female,51,32,Premium,137.46259764622894,3,0,4398.803124679326
637,Male,44,20,Ultimate,30.093300878541566,1,0,601.8660175708313
638,Male,34,21,Premium,127.75326591288463,8,1,2682.818584170577
639,Female,60,47,Basic,65.35570975543706,1,0,3071.718358505542
640,Female,76,36,Basic,87.80792148147657,9,0,3161.0851733331565
641,Female,61,14,Ultimate,123.28313237430379,8,1,1725.963853240253
642,Female,76,34,Premium,134.96895111298628,1,0,4588.9443378415335
643,Female,68,70,Ultimate,64.8215846094441,7,0,4537.5109226610875
644,Male,71,31,Premium,80.03965256576434,8,0,2481.2292295386947
645,Female,41,10,Basic,73.887088426183,9,0,738.87088426183
646,Male,42,9,Ultimate,21.722634355508372,8,0,195.50370919957535
647,Male,24,56,Ultimate,58.47257555162536,9,1,3274.46423089102
648,Male,69,24,Basic,79.69460038523303,8,0,1912.6704092455927
649,Female,23,1,Ultimate,73.44216915445716,1,0,73.44216915445716
650,Male,70,63,Premium,113.85079957703833,3,0,7172.600373353414
651,Male,41,34,Premium,70.02447023874342,6,0,2380.831988117276
652,Female,50,6,Premium,83.61893836618714,1,0,501.7136301971228
653,Male,66,17,Premium,75.84911697720725,0,0,1289.4349886125233
654,Male,46,66,Basic,116.28139935626817,2,0,7674.572357513699
655,Female,60,41,Ultimate,132.18641186830513,3,0,5419.64288660051
656,Male,39,38,Premium,89.14558027097684,7,0,3387.53205029712
657,Male,43,40,Basic,122.62618524537486,5,0,4905.047409814994
658,Male,45,23,Ultimate,58.582268662580574,1,0,1347.3921792393533
659,Female,67,59,Ultimate,90.37804932044493,8,0,5332.304909906251
660,Female,38,45,Basic,64.87989397709642,1,0,2919.5952289693387
661,Female,66,18,Basic,73.84612032433793,4,1,1329.2301658380827
662,Male,24,67,Premium,115.21380242564692,3,0,7719.324762518343
663,Male,34,41,Ultimate,134.61612270325264,6,0,5519.261030833359
664,Female,37,31,Ultimate,35.794400841409505,7,0,1109.6264260836947
665,Male,58,38,Basic,102.50310334335947,4,0,3895.11792704766
666,Male,66,35,Ultimate,95.67869498511381,9,1,3348.754324478983
667,Female,37,35,Premium,35.393955092871145,4,0,1238.7884282504901
668,Female,71,2,Ultimate,47.54626295721418,1,1,95.09252591442836
669,Male,39,7,Basic,60.430324315248434,7,0,423.01227020673906
670,Male,45,69,Basic,41.70103920627519,1,0,2877.371705232988
671,Male,78,40,Premium,51.68483272816444,9,1,2067.3933091265776
672,Female,57,67,Premium,54.788103852021976,5,0,3670.8029580854723
673,Female,66,12,Ultimate,63.63759829507775,7,0,763.6511795409331
674,Female,24,48,Ultimate,117.42075886415067,5,0,5636.196425479232
675,Female,18,59,Basic,94.3485865005781,3,1,5566.566603534107
676,Male,49,1,Premium,148.2120673536822,3,1,148.2120673536822
677,Female,30,59,Premium,73.91565750577124,5,0,4361.023792840503
678,Female,47,4,Premium,118.00245959880026,3,1,472.00983839520103
679,Female,40,43,Ultimate,133.2908947789494,7,0,5731.508475494824
680,Female,68,26,Premium,108.26720409494546,8,0,2814.9473064685817
681,Female,76,31,Basic,73.54241625427449,0,0,2279.814903882509
682,Male,73,20,Basic,117.96730199694788,3,0,2359.346039938958
683,Male,36,7,Ultimate,46.47672791044903,3,0,325.3370953731432
684,Female,79,71,Ultimate,62.581781473417216,1,0,4443.306484612623
685,Male,49,49,Premium,91.06908316290755,5,0,4462.38507498247
686,Female,47,66,Ultimate,94.80322034719929,2,0,6257.012542915153
687,Female,46,43,Basic,22.87839181144183,6,0,983.7708478919986
688,Male,66,57,Premium,142.86484453828115,4,0,8143.296138682025
689,Male,62,2,Basic,110.5615452582607,3,0,221.1230905165214
690,Female,46,69,Premium,84.44148753014584,4,0,5826.462639580062
691,Female,47,1,Ultimate,141.30654047308008,7,0,141.30654047308008
692,Female,33,43,Premium,77.08242348260771,2,0,3314.5442097521313
693,Male,57,1,Premium,147.45662413514833,6,1,147.45662413514833
694,Female,36,34,Basic,86.59701844165306,5,0,2944.298627016204
695,Female,35,29,Basic,34.85715009973733,0,0,1010.8573528923827
696,Female,18,7,Premium,119.42412641970604,6,1,835.9688849379423
697,Male,31,21,Ultimate,108.25670426011926,6,0,2273.3907894625045
698,Female,68,43,Ultimate,120.48827376972628,0,1,5180.99577209823
699,Female,64,57,Basic,143.68746373433854,8,0,8190.185432857296
700,Male,67,35,Ultimate,120.94360934463235,5,0,4233.026327062133
701,Female,19,68,Basic,99.47375828816409,1,0,6764.2155635951585
702,Female,71,30,Ultimate,131.45015730690932,4,0,3943.50471920728
703,Male,45,46,Premium,107.5220371160891,3,0,4946.013707340098
704,Female,66,54,Basic,73.05547738737,6,0,3944.9957789179803
705,Male,67,61,Basic,135.13056935143052,7,0,8242.964730437261
706,Male,47,29,Premium,48.84705990196847,0,1,1416.5647371570856
707,Female,55,54,Basic,112.90336573813414,4,0,6096.781749859244
708,Female,68,15,Ultimate,134.6032491422984,2,0,2019.0487371344761
709,Female,21,11,Ultimate,115.07114756142852,0,0,1265.7826231757138
710,Female,18,16,Basic,110.6458044770014,2,0,1770.3328716320225
711,Male,25,15,Ultimate,117.84297822933868,5,1,1767.6446734400802
712,Female,46,11,Basic,80.45718227908377,6,0,885.0290050699215
713,Male,72,7,Premium,133.64218868041337,7,0,935.4953207628936
714,Female,56,2,Basic,46.446741767691854,3,0,92.89348353538371
715,Female,20,15,Premium,36.56023408004411,2,0,548.4035112006617
716,Female,49,29,Ultimate,57.1161414154065,4,1,1656.3681010467885
717,Male,27,22,Premium,89.10506158074911,8,0,1960.3113547764804
718,Female,27,4,Ultimate,86.37303340321395,5,0,345.4921336128558
719,Female,36,64,Basic,126.67783849795626,8,1,8107.381663869201
720,Female,63,29,Ultimate,72.59392533252226,5,1,2105.2238346431454
721,Female,51,20,Basic,82.96477541789612,1,0,1659.2955083579225
722,Male,77,69,Basic,21.737798823721434,4,0,1499.9081188367788
723,Female,50,21,Premium,73.26610073758208,8,0,1538.5881154892236
724,Male,40,71,Premium,104.21065028354447,7,0,7398.956170131657
725,Male,72,31,Premium,22.016082981456982,6,1,682.4985724251665
726,Male,45,32,Premium,56.514655474211686,0,0,1808.468975174774
727,Male,49,15,Ultimate,47.03432670762069,3,0,705.5149006143104
728,Male,67,37,Ultimate,25.458105758246468,6,0,941.9499130551193
729,Male,24,13,Ultimate,82.30381168888988,6,0,1069.9495519555685
730,Female,46,35,Basic,43.624028119660345,5,0,1526.840984188112
731,Male,25,22,Ultimate,116.60060015207942,7,0,2565.2132033457474
732,Male,18,65,Ultimate,130.2306248892353,5,0,8464.990617800293
733,Male,74,1,Ultimate,90.92607374698922,9,0,90.92607374698922
734,Female,72,64,Premium,147.62195452774841,2,0,9447.805089775899
735,Female,20,66,Ultimate,78.56221429117738,3,0,5185.1061432177075
736,Male,41,51,Basic,86.73786732923902,2,0,4423.63123379119
737,Female,40,61,Premium,148.59830801450752,0,0,9064.496788884959
738,Male,76,22,Basic,50.10129667545635,9,0,1102.2285268600397
739,Male,78,25,Ultimate,142.53097215799767,4,0,3563.274303949942
740,Female,25,67,Premium,25.568882165484723,0,0,1713.1151050874764
741,Male,71,54,Basic,78.03029573421531,0,0,4213.635969647627
742,Female,74,5,Ultimate,29.10045657729855,1,0,145.50228288649276
743,Female,64,34,Basic,114.80051657877358,3,1,3903.2175636783018
744,Male,54,21,Basic,99.09316166440232,5,0,2080.9563949524486
745,Male,20,42,Basic,111.86245425078754,7,0,4698.223078533077
746,Female,68,14,Ultimate,68.6824519958422,2,1,961.5543279417908
747,Male,50,59,Ultimate,68.03265142407943,0,0,4013.9264340206864
748,Male,45,11,Basic,25.8915062649163,2,0,284.80656891407926
749,Male,64,48,Premium,65.49284213885318,2,0,3143.6564226649525
750,Female,25,41,Premium,140.80749229406774,4,1,5773.107184056777
751,Female,51,37,Ultimate,69.29944983345837,3,0,2564.07964383796
752,Male,52,44,Ultimate,128.0778018088561,3,0,5635.423279589668
753,Female,49,34,Ultimate,129.50231561749143,8,0,4403.078730994709
754,Female,41,29,Ultimate,68.52135032930039,6,1,1987.1191595497112
755,Female,31,29,Ultimate,102.15852845150458,3,0,2962.5973250936327
756,Female,49,5,Premium,32.39830829549762,2,0,161.9915414774881
757,Female,73,66,Ultimate,33.47821549545594,5,0,2209.562222700092
758,Male,63,6,Basic,26.325496276022733,2,0,157.9529776561364
759,Male,60,51,Basic,95.53196213876423,5,0,4872.130069076976
760,Male,33,13,Premium,75.38922709139261,8,0,980.0599521881039
761,Female,21,14,Basic,91.24420636635121,5,1,1277.4188891289168
762,Female,69,20,Premium,87.73951476609042,3,0,1754.7902953218086
763,Male,54,34,Premium,65.52638884179493,4,0,2227.8972206210274
764,Female,71,65,Basic,108.07154392705148,5,0,7024.650355258346
765,Male,38,1,Ultimate,118.60524451913079,2,0,118.60524451913079
766,Male,31,34,Basic,21.90167365409784,7,0,744.6569042393266
767,Male,48,19,Basic,46.94149896995418,3,0,891.8884804291295
768,Female,72,9,Premium,112.72066285083379,7,0,1014.4859656575042
769,Female,65,24,Basic,70.26062244239844,9,0,1686.2549386175626
770,Male,35,65,Premium,106.12291310240906,9,0,6897.989351656589
771,Male,24,24,Ultimate,65.1051457654926,2,1,1562.5234983718224
772,Male,27,53,Ultimate,70.79816980285281,9,1,3752.302999551199
773,Male,24,32,Ultimate,40.62825357965904,6,0,1300.1041145490892
774,Female,50,35,Basic,53.5700325566008,8,0,1874.9511394810281
775,Female,40,13,Premium,98.70352847598635,3,0,1283.1458701878225
776,Male,38,64,Ultimate,76.31120447097163,7,1,4883.917086142184
777,Male,36,53,Premium,120.65934878279737,2,0,6394.945485488261
778,Female,65,51,Premium,130.83604414198456,6,1,6672.638251241213
779,Female,78,2,Ultimate,90.41403436817878,2,0,180.82806873635755
780,Male,36,40,Ultimate,118.57474796728769,6,1,4742.989918691508
781,Male,53,5,Premium,59.8975867152941,9,1,299.48793357647054
782,Male,46,24,Ultimate,73.94625800201017,9,1,1774.7101920482442
783,Female,77,12,Premium,112.66109790818803,5,0,1351.9331748982563
784,Female,35,7,Premium,70.20755906621399,1,0,491.4529134634979
785,Female,19,20,Ultimate,96.50564157066854,2,0,1930.112831413371
786,Male,18,67,Basic,44.0984612807265,5,0,2954.5969058086753
787,Male,64,24,Ultimate,97.97027094616473,3,0,2351.2865027079533
788,Female,22,67,Basic,131.99678193949615,5,0,8843.784389946242
789,Female,37,44,Premium,132.92315317704532,0,0,5848.618739789994
790,Male,28,59,Premium,114.16477282284016,9,0,6735.72159654757
791,Female,59,11,Basic,116.94793927989639,0,0,1286.4273320788602
792,Female,19,31,Premium,92.5305678695911,2,0,2868.4476039573237
793,Male,20,12,Basic,96.00685172155723,7,1,1152.0822206586868
794,Female,40,30,Basic,37.37457558336734,7,0,1121.2372675010201
795,Male,72,19,Premium,77.70169449476914,3,0,1476.3321954006137
796,Male,29,17,Basic,78.6009169052273,5,0,1336.215587388864
797,Male,37,59,Ultimate,144.60471863680624,7,1,8531.678399571569
798,Male,22,62,Ultimate,76.04129214102763,6,0,4714.560112743713
799,Male,54,5,Premium,91.4145438373585,6,0,457.0727191867925
800,Male,55,31,Premium,89.32268190628332,3,0,2769.003139094783
801,Male,47,42,Basic,102.77902321576254,8,0,4316.718975062026
802,Female,26,1,Basic,117.27026807314647,9,0,117.27026807314647
803,Male,51,59,Basic,49.25544390221337,5,1,2906.071190230589
804,Male,70,22,Basic,88.73417448279665,2,1,1952.1518386215262
805,Female,61,30,Ultimate,127.36930195108395,4,0,3821.0790585325185
806,Female,52,4,Ultimate,80.20491279887649,4,0,320.81965119550597
807,Female,69,33,Premium,56.19948102856449,4,0,1854.5828739426283
808,Male,75,9,Basic,105.11217979631888,7,0,946.0096181668699
809,Female,39,1,Basic,127.08976145388598,8,0,127.08976145388598
810,Male,61,10,Premium,28.20823808056087,8,0,282.0823808056087
811,Male,41,49,Basic,120.98276284293952,5,1,5928.155379304037
812,Male,34,30,Basic,126.81423128503026,5,1,3804.426938550908
813,Male,27,55,Basic,79.99798058651888,8,0,4399.888932258538
814,Female,47,8,Basic,147.82973538640076,3,0,1182.637883091206
815,Female,73,20,Basic,122.27208429195018,5,0,2445.4416858390036
816,Male,76,27,Premium,120.57613343643655,3,0,3255.555602783787
817,Male,63,61,Basic,117.21901467356933,0,0,7150.3598950877295
818,Male,40,6,Premium,39.57905341837562,6,0,237.47432051025373
819,Female,49,15,Basic,48.2400152388914,9,1,723.6002285833711
820,Male,34,3,Ultimate,80.31871709037526,5,0,240.95615127112578
821,Male,67,3,Ultimate,54.320565494730566,8,0,162.9616964841917
822,Female,68,39,Ultimate,73.98132640342526,6,0,2885.271729733585
823,Female,34,16,Ultimate,135.5003342899797,6,0,2168.005348639675
824,Male,31,51,Premium,127.162495944305,1,0,6485.287293159555
825,Female,26,51,Premium,101.90518420239769,8,0,5197.1643943222825
826,Female,57,35,Basic,131.55565125264346,9,0,4604.447793842521
827,Male,19,37,Ultimate,121.8904105722424,8,0,4509.945191172969
828,Female,62,49,Premium,75.76804113931576,5,0,3712.634015826472
829,Male,42,62,Basic,46.13846976649287,2,1,2860.585125522558
830,Female,56,62,Basic,86.8461352012141,0,0,5384.460382475274
831,Male,26,61,Premium,115.70975472871152,3,0,7058.295038451402
832,Male,71,6,Ultimate,76.73454783484709,2,0,460.40728700908255
833,Male,39,26,Basic,106.68034827190664,0,0,2773.6890550695725
834,Female,60,13,Ultimate,32.262565417835674,2,0,419.41335043186376
835,Male,63,70,Ultimate,117.24061572828245,3,1,8206.843100979771
836,Female,21,4,Ultimate,125.65277058609806,7,1,502.61108234439223
837,Male,43,54,Basic,111.88892125147035,8,0,6042.001747579399
838,Male,75,1,Ultimate,145.74426637842754,2,0,145.74426637842754
839,Female,46,61,Basic,127.46476746988326,5,0,7775.350815662879
840,Male,62,20,Ultimate,137.40218462394998,9,0,2748.0436924789997
841,Male,51,20,Basic,141.36424084949425,4,0,2827.2848169898853
842,Female,40,9,Ultimate,124.17523894359512,5,0,1117.5771504923562
843,Male,54,57,Premium,107.65364946084489,3,0,6136.258019268159
844,Male,28,38,Ultimate,20.743415576902606,9,0,788.249791922299
845,Male,23,4,Ultimate,80.55734791900622,5,0,322.2293916760249
846,Male,35,64,Basic,94.25109882090693,6,1,6032.070324538044
847,Female,38,12,Basic,59.52393541823995,8,0,714.2872250188794
848,Female,59,52,Ultimate,61.35357809745137,9,0,3190.386061067471
849,Male,53,44,Premium,144.95072404232147,6,0,6377.831857862145
850,Female,58,31,Premium,135.92241247635695,5,0,4213.594786767066
851,Male,55,35,Basic,130.39327071522155,0,0,4563.7644750327545
852,Female,51,59,Premium,72.78153422179437,1,0,4294.110519085868
853,Male,34,10,Ultimate,21.78081155315889,0,1,217.8081155315889
854,Male,54,62,Basic,30.42889203924283,8,0,1886.5913064330555
855,Male,42,20,Ultimate,60.58552786828847,9,0,1211.7105573657695
856,Male,55,51,Basic,22.046578689438007,9,0,1124.3755131613384
857,Male,75,54,Basic,22.229471648975753,8,0,1200.3914690446907
858,Male,29,25,Basic,139.15842921351344,6,0,3478.960730337836
859,Female,40,67,Basic,111.80060527547703,1,1,7490.64055345696
860,Male,70,33,Premium,60.16427870885985,5,0,1985.421197392375
861,Female,59,51,Ultimate,37.24379508812391,3,0,1899.4335494943193
862,Male,39,51,Ultimate,86.51264332636002,0,0,4412.144809644361
863,Female,38,28,Ultimate,20.69500091106738,0,0,579.4600255098866
864,Female,44,37,Basic,141.99378670155872,4,1,5253.770107957673
865,Female,74,41,Premium,73.92596552056314,1,1,3030.9645863430887
866,Male,48,20,Ultimate,72.30354418085327,3,0,1446.0708836170652
867,Male,23,41,Premium,70.77716898563168,0,0,2901.8639284108986
868,Female,44,12,Basic,29.01268295040942,3,0,348.1521954049131
869,Male,57,63,Ultimate,102.98189117293745,5,0,6487.85914389506
870,Female,51,16,Premium,115.29047055168594,9,1,1844.647528826975
871,Male,29,8,Basic,107.89630168647774,3,0,863.1704134918219
872,Female,62,40,Premium,37.996614132821264,0,0,1519.8645653128506
873,Female,74,0,Ultimate,95.24922184462703,6,0,0.0
874,Male,70,1,Ultimate,94.032982942393,1,1,94.032982942393
875,Female,24,59,Basic,132.89340243237967,8,0,7840.710743510401
876,Male,27,47,Basic,69.2865955888341,2,0,3256.469992675203
877,Female,62,28,Basic,68.29317267572645,7,0,1912.2088349203407
878,Female,34,9,Premium,100.40851763336413,7,1,903.6766587002771
879,Male,43,57,Premium,102.29944495493669,2,0,5831.0683624313915
880,Male,38,59,Premium,81.00707955235275,3,0,4779.417693588813
881,Male,45,20,Basic,77.59771710295473,1,0,1551.9543420590946
882,Female,79,27,Ultimate,84.23919718292474,3,0,2274.458323938968
883,Male,75,33,Ultimate,131.93588893543054,8,0,4353.884334869208
884,Female,63,7,Premium,79.9516971630083,1,1,559.6618801410582
885,Female,19,58,Premium,142.1911329560769,2,0,8247.08571145246
886,Male,77,71,Ultimate,85.52048926752238,3,0,6071.954737994089
887,Male,71,48,Ultimate,143.39609011351587,4,0,6883.012325448762
888,Female,60,16,Premium,128.26814724297986,0,0,2052.290355887678
889,Female,18,59,Premium,67.1160719400578,6,1,3959.8482444634096
890,Male,68,44,Ultimate,132.27338476856008,9,0,5820.0289298166435
891,Male,70,68,Basic,34.30822694614498,6,0,2332.9594323378583
892,Male,53,31,Premium,140.2561327945919,8,0,4347.940116632349
893,Male,68,43,Ultimate,102.11365696077591,3,0,4390.887249313364
894,Male,43,64,Ultimate,27.070797307900456,5,0,1732.5310277056292
895,Female,46,7,Ultimate,103.7533740746055,1,0,726.2736185222385
896,Female,38,71,Ultimate,146.6521950388183,3,0,10412.305847756099
897,Female,28,42,Basic,29.074085099901758,1,0,1221.1115741958738
898,Female,57,0,Ultimate,92.10940227141121,9,0,0.0
899,Male,28,50,Premium,117.21326546871842,4,0,5860.663273435921
900,Male,53,23,Basic,125.33361627093907,6,1,2882.6731742315988
901,Male,66,23,Ultimate,73.79757049170345,0,0,1697.3441213091794
902,Female,76,16,Basic,46.54165269187159,9,0,744.6664430699454
903,Female,56,4,Premium,25.5044962404099,9,0,102.0179849616396
904,Male,57,19,Ultimate,95.36440042263922,6,0,1811.9236080301453
905,Male,52,20,Premium,78.8784391347894,9,0,1577.568782695788
906,Female,71,57,Ultimate,143.33677136946244,5,0,8170.195968059359
907,Female,51,30,Ultimate,27.878638002938274,5,0,836.3591400881483
908,Male,72,10,Ultimate,109.10139464798074,7,1,1091.0139464798074
909,Male,64,51,Ultimate,23.24560887560743,7,0,1185.526052655979
910,Female,41,14,Ultimate,42.28644297237055,5,0,592.0102016131877
911,Male,71,6,Basic,78.96526998996843,2,0,473.79161993981063
912,Male,39,27,Ultimate,79.13341756437288,4,0,2136.602274238068
913,Male,22,50,Ultimate,109.14107058137371,1,0,5457.053529068686
914,Female,73,57,Basic,138.32769453280838,4,0,7884.678588370078
915,Female,50,4,Basic,103.07418065893971,8,0,412.29672263575884
916,Female,75,4,Basic,143.95956272069614,9,1,575.8382508827846
917,Female,53,7,Basic,134.6100331841397,0,0,942.2702322889779
918,Female,64,63,Basic,95.98497341900273,9,0,6047.053325397172
919,Female,37,9,Basic,128.39295361944755,4,1,1155.536582575028
920,Female,36,37,Ultimate,103.53508934207242,5,0,3830.7983056566795
921,Male,52,7,Ultimate,30.21251802008453,6,0,211.48762614059171
922,Male,69,24,Premium,116.2734140237363,8,1,2790.561936569671
923,Male,60,65,Ultimate,32.33809736475501,5,0,2101.9763287090755
924,Male,34,49,Ultimate,97.23076147406262,4,1,4764.307312229068
925,Male,79,66,Basic,111.34322676156975,6,0,7348.652966263604
926,Male,76,48,Basic,28.64858906741118,0,0,1375.1322752357366
927,Male,62,35,Ultimate,50.003305010449125,4,1,1750.1156753657194
928,Female,60,67,Premium,139.03739019401448,1,0,9315.50514299897
929,Female,51,40,Basic,100.12088399027652,3,0,4004.835359611061
930,Male,26,61,Ultimate,52.01718244536911,6,0,3173.0481291675155
931,Male,43,9,Ultimate,109.78837024924086,4,1,988.0953322431677
932,Female,19,20,Premium,97.58093459501966,5,1,1951.618691900393
933,Male,70,35,Premium,85.20484098933329,1,0,2982.1694346266654
934,Male,26,11,Basic,146.9043067484509,2,0,1615.9473742329599
935,Female,26,1,Premium,108.84899106297615,6,1,108.84899106297615
936,Male,57,12,Ultimate,68.80734425682866,1,0,825.6881310819439
937,Female,34,52,Ultimate,124.00954616999284,5,0,6448.496400839628
938,Male,18,31,Premium,134.9958280797544,4,0,4184.870670472386
939,Female,42,15,Premium,36.27867273718809,9,0,544.1800910578213
940,Female,78,31,Premium,46.07188711988464,0,0,1428.228500716424
941,Female,60,31,Premium,48.10951118661136,9,0,1491.394846784952
942,Male,57,10,Basic,109.85753522025024,3,0,1098.5753522025025
943,Female,59,9,Premium,98.39514215692684,1,1,885.5562794123415
944,Male,42,14,Basic,100.46890341081647,3,0,1406.5646477514306
945,Male,56,16,Ultimate,142.30052895963513,0,0,2276.808463354162
946,Male,52,39,Premium,120.86849926494978,1,0,4713.871471333041
947,Male,20,17,Basic,36.63180018653181,7,0,622.7406031710408
948,Female,67,54,Premium,65.17592071527353,5,0,3519.499718624771
949,Female,54,24,Ultimate,76.60117400284562,1,0,1838.428176068295
950,Male,61,58,Ultimate,71.47500653718863,5,0,4145.550379156941
951,Male,61,21,Ultimate,107.0101191910443,9,1,2247.21250301193
952,Female,68,29,Premium,135.94610342335312,8,0,3942.4369992772404
953,Male,47,43,Premium,59.78669025796244,6,0,2570.827681092385
954,Female,55,31,Basic,91.74402773475413,8,0,2844.064859777378
955,Male,51,50,Ultimate,122.62322484876613,4,1,6131.1612424383065
956,Male,29,45,Premium,74.10834764989542,6,0,3334.875644245294
957,Female,36,20,Ultimate,41.85535669190846,6,0,837.1071338381693
958,Male,54,31,Ultimate,81.74362548428726,2,0,2534.052390012905
959,Female,61,38,Basic,27.1789276965937,6,0,1032.7992524705605
960,Male,76,11,Basic,142.50984902029597,0,0,1567.6083392232558
961,Male,76,46,Basic,29.726756675346493,8,0,1367.4308070659388
962,Male,66,17,Basic,76.99937298257515,9,1,1308.9893407037775
963,Female,78,20,Ultimate,88.8845639415084,5,1,1777.6912788301681
964,Male,34,12,Basic,148.0894981973471,4,0,1777.0739783681652
965,Male,27,20,Basic,41.5828370735719,6,1,831.6567414714381
966,Male,74,7,Basic,34.87609741960661,4,0,244.13268193724628
967,Male,72,45,Basic,21.131799118130665,9,0,950.9309603158799
968,Female,66,6,Ultimate,40.2242867930093,4,0,241.3457207580558
969,Female,64,22,Basic,46.94548727879679,9,0,1032.8007201335295
970,Male,29,21,Ultimate,101.975522405802,6,1,2141.485970521842
971,Female,79,21,Premium,48.56188275088205,9,0,1019.799537768523
972,Male,33,28,Ultimate,22.667705914812277,6,0,634.6957656147438
973,Male,41,12,Ultimate,127.46038491532353,2,0,1529.5246189838824
974,Male,36,1,Basic,67.52744113051568,2,0,67.52744113051568
975,Female,25,28,Premium,65.98056925549541,9,0,1847.4559391538714
976,Female,48,51,Premium,59.322273791830455,2,0,3025.4359633833533
977,Female,38,26,Premium,146.79852602903472,5,0,3816.7616767549025
978,Female,34,49,Premium,42.115004250206596,5,1,2063.6352082601234
979,Female,40,22,Ultimate,136.77094831392057,2,1,3008.9608629062527
980,Female,54,43,Premium,120.98443317818543,2,0,5202.330626661973
981,Female,71,21,Ultimate,29.9423942149107,7,1,628.7902785131247
982,Female,33,42,Ultimate,148.27478319511033,7,0,6227.540894194633
983,Female,23,36,Ultimate,55.27757526007137,6,0,1989.9927093625695
984,Male,25,60,Premium,32.815780512913605,9,0,1968.9468307748164
985,Female,42,55,Basic,127.81085043634873,3,0,7029.59677399918
986,Female,35,2,Basic,111.86781937810098,3,0,223.73563875620195
987,Female,42,62,Premium,100.23844476412711,2,0,6214.783575375881
988,Female,29,18,Basic,40.27751228086131,4,0,724.9952210555035
989,Female,32,22,Basic,82.20449511327504,2,0,1808.498892492051
990,Female,76,28,Ultimate,121.47228349533779,7,0,3401.223937869458
991,Female,43,29,Ultimate,59.47111195869923,6,0,1724.6622468022777
992,Female,58,38,Premium,60.51967770695539,2,0,2299.747752864305
993,Female,62,24,Premium,20.408317786255875,8,0,489.79962687014097
994,Female,43,7,Basic,42.651642213899336,4,0,298.56149549729537
995,Female,64,57,Ultimate,133.80273126583847,8,0,7626.755682152793
996,Male,49,15,Premium,77.42704391290192,6,0,1161.405658693529
997,Male,27,71,Premium,147.9504849004764,6,1,10504.484427933825
998,Female,33,0,Premium,71.44203526459303,5,0,0.0
999,Female,24,4,Premium,112.97423912143137,1,0,451.89695648572547
1000,Male,34,2,Premium,56.64947557761479,8,0,113.29895115522957
